,xylose,xylonic acid,vanillic acid,valine,urea,uracil,UDP-glucuronic acid,tyrosol,tyrosine,tryptophan,trehalose,thymidine,threonine,threonic acid,tartaric acid,sucrose,succinic acid,stearic acid,sophorose,shikimic acid,serine,salicylaldehyde,saccharic acid,ribose,ribonic acid,raffinose,quinic acid,pyruvic acid,pyrophosphate,putrescine,"propane-1,3-diol NIST",proline,pipecolinic acid,phosphate,phenylethylamine,phenylethanol NIST,phenylalanine,phenol,pentonic acid,pentitol,pelargonic acid,palmitic acid,oxoproline,ornithine,oleic acid,octanol NIST,octadecanol,N-acetylmannosamine,n-acetyl-d-hexosamine,myristic acid,myo-inositol,mucic acid,montanic acid,maltose,maltitol,malic acid,maleic acid,lyxitol,lysine,levoglucosan,leucrose,leucine,lauric acid,lactose,lactitol,lactic acid,isothreonic acid,isoleucine,isohexonic acid,isogluconic acid,isocitric acid,hydroxylamine,hydroxycarbamate NIST,hexitol,hexadecane,heptadecanoic acid,glycolic acid,glycine,glycerol-alpha-phosphate,glycerol-3-galactoside,glycerol,glyceric acid,glutamine,glutamic acid,glucose-6-phosphate,glucose-1-phosphate,glucose,gluconic acid,glucoheptulose,galacturonic acid,galactonic acid,galactinol,fumaric acid,fructose,ethanolamine,ethanol phosphate NIST,erythronic acid,erythritol,epsilon-caprolactam,epicatechin,dodecanol,digalacturonic acid,deoxypentitol,dehydroascorbic acid,dehydroabietic acid,citrulline,citric acid,citramalic acid,cerotinic aci,cellobiose,catechin,caprylic acid,capric acid,butyraldehyde,"butane-2,3-diol NIST",beta-sitosterol,beta-gentiobiose,beta-alanine,benzoic acid,aspartic acid,asparagine,arachidic acid,alpha-ketoglutarate,alanine,adipic acid,acetophenone NIST,6-deoxyglucose,6-deoxyglucitol,4-aminobutyric acid,"3,6-anhydro-D-galactose","3,4-dihydroxybenzoic acid",2-isopropylmalic acid,2-hydroxyglutaric acid,2-deoxyerythritol,"1,2-anhydro-myo-inositol NIST",1-monostearin,1-monopalmitin,1-methylgalactose NIST,1-kestose,1-deoxyerythritol,(epi)catechin,"1,3,5-benzenetriol",13-docosenamide,302.0426@4.669811,302.0426@4.669812,9-octadecenamide,adenosine,benzenemethanol,benzyl tetradecyl dimethylammonium cation,beta-D-glucopyranose,caftaric acid,cyanidin,cyanidin 3-(6''-p-coumarylglucoside),cyanidin 3-glucoside,"cyanidin 3,5-O-diglucoside",D-erythro-dihydrosphingosine,D-glucose 6-phosphate,delphinidin 3-(6''-acetylglucoside),delphinidin 3-O-glucoside,"didodecyl 3,3'-thiodipropionate oxide",DL-Indole-3-lactic acid,epigallocatechin,free isorhamnetin?,free Laricitrin?,free quercetin?,isorhamnetin,isorhamnetin 3-O-glucoside,kaempferol,kaempferol-3-glucoside,L-aspartic acid,L-methionine,L-saccharopine,lactulose,laricitrin,laricitrin-3-glucoside,leucine,malvidin,malvidin 3-(6''-acetylglucoside),malvidin-3-O-glucoside,myricetin,myricetin-3-glucoside,myricetin-3-glucuronide,N-methylnicotinic acid cation,N8-acetylspermidine,oleanolic acid,p-coumaric acid,pantothenic acid,peonidin,peonidin 3-(6''-acetylglucoside),peonidin-3-glucoside,petunidin,petunidin 3-(6''-acetylglucoside),petunidin-3-glucoside,procyanidin trimer,proline,quercetin-3-glucoside,quercetin-3-glucuronide,resveratrol,resveratrol dimer (pallidol or viniferin),spirotetramat,splitomicin,taxifolin,tributyl phosphate,tyrosine
CS_time0_2012,2.1113467442186096,-0.9624926202238753,-1.264903864438936,-0.4117345935034425,-0.05557451959974896,-1.5313351611570325,-1.142547211460703,-1.419518356171164,-0.3055438528602084,6.738224236910734,-2.40196136508494,-1.6870469242561774,-0.6589724395441265,4.066445023421616,3.878073911747536,-1.1234992220112368,1.998398280781976,-1.0808239097623633,-1.5992445132611797,3.863619906672295,0.1023086299897715,-1.2758288825011725,6.898439884377117,-0.9479802379451077,11.010359882603497,0.3581116361728957,-0.08444145200550196,-0.17867383869086403,-1.3105531869152716,0.42312287591050607,-1.679091311006025,-0.5836618166341764,-0.8419011879175672,1.1457959386794414,-0.7785548596278457,5.863378828181395,1.0323184371381249,-1.953741971522639,7.772155429567589,-1.4769863401037253,3.2218244427622227,-0.5676288650372978,9.419494934946712,-1.2602039206778561,-0.825001592683119,-0.9755342440544605,-2.695844845357275,-0.03794790291836561,-1.439132917588999,-0.13013437369388103,3.8466018402435065,-0.9019229938461167,-1.8461832942174008,-1.4731179291063417,-2.0634859790946054,0.5362437049019481,0.34998956438859735,-1.553833715007678,-0.5883923792286361,3.07732382227741,-1.7487092648919729,-1.0747069320918143,1.210989747692809,-2.0797669554851383,-1.4050892206192895,1.740055319432986,-0.36712311778751483,-0.7813926418142351,3.7799432302591347,-0.40483656405132623,-0.36022117690353883,-0.800607546961341,-0.8964910092198702,-0.687768133488034,-0.9138517601833706,-1.2375963271133452,-1.2067269160283298,-1.3511066408120418,-1.3235193766424334,-1.1684516770447515,1.2832207743099973,-0.21194078090886548,17.018207863925454,-0.5024508485565249,-2.3623918201433995,0.9972955378729892,-1.1965124485875893,-0.572713193988407,-0.229608518172905,-1.0385798610676422,3.480996715989116,-0.08030718928103499,-1.8017138617919628,-1.3188582370230724,-1.3031296569253705,-1.5222047699072716,-1.4145435250079805,-0.3494852919572681,-1.8940059616376181,-0.33575715157077984,-2.120974519625981,-1.803257788003265,-0.22994076958565865,-0.20105606263844336,-0.8643623210516752,-1.0682113683303227,-0.16236094825035663,-0.2264119751472648,-1.8374573777982215,-1.5519772725213916,0.4627368731943972,-0.8978465097156574,1.3556897550503988,2.763227353422238,-0.7362573423204746,0.9879321441004922,-1.2426913768757417,-0.9702667731612377,-0.10064575830266342,-0.6885637302014334,1.2387580967320109,-1.1210283698902577,2.0139778099292336,-0.5802776116492029,-1.30989658936415,-0.8282069205950109,-1.179934710493284,-0.7599181705222742,-0.8913112159337028,-1.9543863303573343,-1.2959453920686062,-1.1403863229676354,-0.3825487491364739,-1.2790941842207504,-1.4909898293544446,-0.7366201688875328,8.539331117449105,-0.6283752919906224,0.5073268103837133,-1.1280455287935214,4.4201975902073505,-0.7378377721744002,-0.44649337196635047,-0.6060285345001049,-0.1380046109449894,0.33782164472817516,-0.8813408015645751,-1.0446482222849733,24.57708473016585,0.669782652737585,4.342255943424284,-0.18400288800032197,9.593601853750226,-0.7476836406955931,-0.9736922709060464,0.7036829511497807,-1.3173532774985337,-0.5236018791078586,-0.6056212957005186,5.419747328777826,-0.22380742826676514,-0.8858266373863349,-0.8130471604855496,-0.33494634256066624,-0.8158537765595125,-0.8195688469730463,-0.5215301377961771,-0.7660629702830671,-0.7042961975996571,-1.261215954348825,-0.5022529700372164,-0.8260187350332313,-1.4955623175444017,-0.7264512164441586,-0.7072080678529608,-0.9598703371636593,-0.755949697791352,-0.399692004652636,-0.9421043252586168,-0.6765867850504027,-0.6624154349687461,-0.42495516188743004,-1.3869842030956228,-0.48180990795710676,-0.5538343161480044,5.831923620158308,-0.40553391829444335,-0.5718427608448365,-0.6100067339084732,-0.7407143303776922,-0.7690557197714912,-0.5431957298552943,-0.7511418616596395,0.37455480726765533,-0.8438065161198866,-1.024417424698557,-1.7398376870739825,-0.44012298577779185,-0.38979720353002,1.282127128988902,-0.21466944642644056,-0.7564944087777077,9.026333343997878,0.7667839729760785
CS_time1_2012,2.155221861467757,-1.531083015369508,-1.4507620592093964,-1.0181951027708398,-0.16339691582409865,-1.5313351611570325,-1.1393098224374885,-1.638639977058506,-1.4146829328207609,5.403575800158093,-0.7662957994084468,-1.559202282121941,-0.8672044790056113,3.7737843941918015,3.764154670281562,-1.1298896317659772,2.1303107622561273,-0.23771676805006434,-1.434903769422294,4.248606915016579,-0.9640476194126401,-1.0189259322531106,5.956038206359929,-1.0088904141780395,10.155017350017472,0.9822731905134581,0.2036529137344036,-0.2705890962580207,0.10655823956142134,-0.5256121465586897,-1.6883926702983443,-0.5882408356788194,-0.8654824306920323,1.5816643355221722,-0.7292377772548223,-0.5568983505945855,4.77376119652755,-1.5463864151814832,7.247512733403419,-1.0237645792755528,4.864670838902447,0.3521029348264439,3.818927180353283,1.4773005306536453,-0.6333559157337252,-0.6391148412125632,-1.5955336779798186,0.6620937361680309,-0.6880586204236443,-0.112880401541999,2.9794172746344625,-0.9257742727696576,-1.5725449791658779,-1.4604532724841626,-1.914788364887622,1.0007235376389316,2.9979697664356038,-1.4868531456304046,-0.5962988445077564,-0.8060887020504863,-2.183757963838406,-1.308406593206655,5.404604180156888,-0.9764472961901239,-1.4111194966330172,1.2872887094762313,-0.2712607287415916,-1.190958222038358,3.9104667769128385,-0.5108293552424893,0.054164465790117265,-0.7960134255788098,-0.8324832157978461,-0.7154394799387143,-1.050205877620772,-0.8310908858017874,-0.8829688669540309,-1.7716299477371513,-1.4718246969167446,-0.6168793862899284,1.8637431755838585,-0.17825021274175723,4.046942014489457,-0.7519889701818856,-1.7219526650606203,2.0274834087055544,-1.1797388557550108,8.40081791455399,-0.338237239003682,-1.0255343532437944,3.4920558237526294,0.157817440530326,-1.291443130567892,-1.3160312710162687,-1.0113681563406975,-1.7188241322876474,-1.5452428391968935,-0.3430717824415547,-2.1162518040849574,-0.34763247722177926,-1.560556178714435,-1.4678300425871311,-0.23133071892348017,-0.23379443383708656,-0.8135728056093288,-1.0634756521860602,0.17496163305542964,-0.23205250024076324,-1.898889104272259,-1.5544562654009986,0.17351525073568022,-0.38302138576961653,3.8603260207293992,2.92426442968835,-0.728621508124779,0.9314371332651257,-1.1010353853803843,-1.0329343384006329,0.05801990519574946,0.063667927474145,-0.15979306499346668,-0.7693042363679304,1.2760254748135356,-0.889007797345515,-0.7526195886324013,-0.9617780989711211,-1.3889370189704253,-0.5898901443978712,-0.934794687789275,-1.8508067651044489,-0.922306068831238,-1.7625604691340113,-1.3782768248516917,-1.251773177261275,-1.4608741241901144,-0.6152395549512035,-0.2778638534960392,-0.6291782886224284,1.2492624593219488,-1.016385469021514,6.279910185004328,-0.7434571998739999,-0.49982153123717893,-0.6060285345001049,-0.1806104868976701,0.38175254762801036,-0.9233304901138888,-1.0446482222849733,11.760083638899655,1.1537476069499868,2.819667258101885,-0.17770503435258792,7.390375629738095,-0.7476836406955931,-0.9541111372700121,0.5206231085254055,-1.3162992446945139,-0.5236018791078586,-0.609403875050129,3.3113278075642496,-0.22380742826676514,-0.938531524707835,-0.8130471604855496,-0.33494634256066624,-0.8158537765595125,-0.8195688469730463,-0.5215301377961771,-0.7660629702830671,-0.7042961975996571,-1.1992813170818373,-0.4200415616337611,-0.7492578556376448,-1.4700364758248639,-0.7264512164441586,-0.7072080678529608,-0.9602468723167229,-0.7584638868178063,-0.399692004652636,-0.9421043252586168,-0.6765867850504027,-0.6624154349687461,-0.4435716088449819,-1.4361103947844744,-0.48180990795710676,-0.31834993021533164,4.016183736153933,-0.40553391829444335,-0.5718427608448365,-0.6100067339084732,-0.7407143303776922,-0.7690557197714912,-0.5431957298552943,-0.7511418616596395,2.93083508363261,-0.85258502370745,-1.023103990427395,-1.7795427013060015,-0.44012963289591983,-0.38979720353002,-0.12251726251558694,-0.21466944642644056,-0.7564944087777077,11.684365418472522,-0.37423422887323426
CS_time2_2012,1.8959598052660247,-1.3293251343245136,-1.4259809681138929,-0.6357736609736758,1.2628853022338082,-1.4375044829149102,-0.9774403616164019,-1.2811257565619476,-0.22995579329772103,3.202415585672899,-1.4016369698337372,-1.6811006632497896,-0.7975318720408228,4.1979267618146086,3.647754574580262,-1.0823098826825657,2.599332920026046,2.542933304643736,-1.7749190986601018,5.134243796507316,-0.7944225788592425,-1.229461032670583,3.5593336771336395,-0.9479802393650758,9.472881680321988,2.6309380807166085,0.03147151575858825,-0.3661967888937856,-0.9118367723926172,-0.9755542312393051,-1.6026134704201171,-0.5725310565234061,-0.8424907189539446,0.7045641075352865,-0.6452160805525675,-0.5893990308515856,1.0767042408835479,-1.4857987211181298,6.552203134671289,-0.5957218062035855,4.809775102620221,2.366613761105952,1.8675941964987053,-1.2036502270729998,-0.15807464238918698,-0.7390212089789516,-0.48087062300972283,1.510449281381082,-0.32448125388164095,-0.0742102499937325,2.3244346099090873,-0.865578187685826,-1.9167441182818081,-1.3506929145670648,-1.8953930197102113,1.951359398509705,2.9550874983207565,-1.1705560154672512,-0.5344103056700873,-1.2479434766866353,-1.7604673372042894,-1.0216826392122804,3.0695446062254703,-2.000824151380564,-1.4231800509097663,2.204851961070465,-0.02342138259013389,-1.0265340839881076,2.3358561436132996,2.22697137370072,1.5712173170838555,-0.789690777490938,-0.8349262613353203,-0.3889834767614946,3.7489720786648197,1.9173175865942156,-0.7527353658689512,-1.0040080347929146,-1.0720451381255696,1.717500020999728,5.343786410261972,0.15051358124004047,1.9273672754487905,-0.8062182044152009,-1.7807085520142012,2.0965750877846503,-1.1640130380370322,2.57376024740024,0.5043693288003515,-1.1103301536933068,2.1317857472488764,1.9884005318697777,-0.695285245667945,-1.3095667071118304,-0.8792497412441869,-1.2735391064181887,-1.402661769776974,-0.32041981274242937,-2.10786516899309,-0.10904638798947466,-0.23621562942748628,-1.7710051217942466,7.549606102960582,-0.2446866728434109,-1.0167308687820105,-0.9877041947091181,2.001905701280399,-0.2200193799384418,-1.9603208307462967,-1.4974394467386554,0.575808977686596,1.9256475286210966,2.9648861112020137,0.7028351744087793,-0.7629827621834198,0.40415036927315734,-1.027016939431695,-0.9835598935756549,0.5008413470534095,-0.3654350546316674,-0.2428753121607605,1.6109985719359594,1.889002010613726,-0.7382863915837257,-0.5597160123785014,-0.8289531282542301,-0.7479448085539595,-0.5305228166910269,-0.968132016716482,-1.4057982628014847,-1.0568795537504116,-1.5706131269557164,-0.889806447556855,-1.0441335234860651,-1.42746846803238,-0.12670766266370848,-0.16581842735010227,-0.6330427098999303,4.863175866423987,-1.0981522847136644,6.6130098308206,-0.7179201876754585,-0.0940938704226929,-0.6060285345001049,-0.0163766967538064,1.176963596549829,-0.9252970713311602,-1.0446482222849733,34.387596164967476,0.7066205432840176,1.7844475773022719,-0.19528304311144304,7.048527569766519,-0.7476836406955931,-0.9316244778813715,0.15790984317801823,-1.3234419042993886,-0.5236018791078586,-0.6091284483013462,4.461697313457987,-0.22380742826676514,-0.9357067856950902,-0.8130471604855496,-0.33494634256066624,-0.8158537765595125,-0.8195688469730463,-0.5215301377961771,-0.7660629702830671,-0.7042961975996571,-1.2207592103419482,-0.49799994687854865,-0.5629677008736973,-1.4168314089079919,-0.7264512164441586,-0.7072080678529608,-0.9550534745736272,-0.7598729646866533,-0.399692004652636,-0.9421043252586168,-0.6765867850504027,-0.6624154349687461,-0.44275398761660156,-1.4467801125423674,-0.48180990795710676,-0.6017582075841119,2.9959237279992856,-0.40553391829444335,-0.5718427608448365,-0.6100067339084732,-0.7407143303776922,-0.7690557197714912,-0.5431957298552943,-0.7511418616596395,2.8222242183046893,-0.8454477549225543,-1.0172529955755298,-1.6723823732001775,-0.43757023576898696,-0.38979720353002,-0.20761242080807946,-0.21466944642644056,-0.7564944087777077,10.221832372037984,1.7909173833240286
CS_time3_2012,1.3082991444098502,-1.6227911442367389,-1.33924714234712,-0.6334699174752157,1.0302159219102387,-1.0420751946088713,-1.2509997491723412,-1.690537201643106,0.7033253523349121,6.014907203089283,-1.6567872799886543,-1.4878471323016373,-0.7472418701063368,3.4856741364229467,3.112456849201269,-1.020978025355854,1.9446561598473182,-0.127269490083398,-1.8655898522780123,4.560455919961118,-0.9179215118190844,-1.0151663770888435,0.826956241249784,-1.2563380020181447,5.9702540090671565,2.1630280655996126,0.1485098512370162,-0.41617653442656727,-0.5289815048189511,-0.8392860570464077,-1.3483763232403936,-0.5859801250221633,-0.7522924653306203,0.10028388469758807,-0.6634816676512266,-0.583827485328203,2.5010100356846285,-1.3272394380662718,4.124940538054451,-0.7593852184011284,2.1672163563746607,-0.06319003978046361,1.4710899641009207,-0.10238168616272864,-0.5490318200491003,0.2919853251735259,-0.3182159284845175,1.3740004871249636,0.8762808394479281,-0.11933034667096651,2.108534200720782,-0.9291815981486017,-1.8874871911680848,-1.4553874094573775,-1.4816257347007047,2.2298818029107736,1.8240676128113038,-0.9100760243698459,-0.548587416011605,-1.4885088556773511,-1.4234025785795874,-0.8537723785491769,3.0454735744872985,-2.1023220416710724,-1.4251901439140282,1.2260449168723717,0.07244100601973234,-1.0733700504062749,0.6189112484065658,-0.5704070027425211,2.148523810555372,-0.7468948404102088,-0.8385093948550827,-0.13961193867055371,-1.203604259936521,-0.3166636457516331,-0.19407016056820076,-0.5367599107310665,-1.6523703074489007,1.5894097728291454,2.1184558802046363,0.6168471951851694,1.0308668936661376,-0.868533031387448,-1.028633213472894,2.3925349666957834,-1.1047944430009642,-0.5436429311198117,0.6981394795602588,-1.1277241642602698,0.7770452246268801,1.3836631908021146,0.2444212482821121,-1.179650037607341,-0.5263223075965882,-1.499073081484304,-1.6997056638478198,-0.29890499012224275,-0.37183160878398,-0.39945208024554135,-1.2599966215122764,-1.8871147225527618,-0.22229604770918907,-0.2645598711789639,-0.949011514157234,-0.47151114049158954,2.6258670982577157,-0.22058343248986997,-1.6877175429066116,-1.4627335575201266,0.006710534623351102,-0.04918946944132189,0.8171280706503419,2.3507077198459885,-0.5496566427168282,0.29822222439586,-0.9006751090439936,-0.8582247638051981,2.1669910788367504,-0.2564860307400966,-1.0399456214667264,-0.4993462296821122,0.7374392966736862,-0.7477715453243443,-0.4439738651871005,-0.8901421596502226,-0.1652246169764578,0.26594925060093966,-1.0623462059171034,-1.754899761247619,-0.09111689497895188,-1.4580922695785108,-1.07767967049175,-1.1525068514769676,-1.2932312371262624,-0.7165572571096479,1.087955707870873,-0.6013578012422712,2.107276696740715,-0.8326299371337957,6.053609076914863,-0.7304094108480669,0.034235376250481946,-0.6060285345001049,0.24656379576254128,9.352088155514526,-0.9252970713311602,-1.0446482222849733,21.3768143226808,0.4795227257792944,2.4223368099524816,-0.17751609880031521,12.367592247054192,-0.7476836406955931,-0.8584868980170791,0.06671047905913112,-1.3257638854359288,-0.5236018791078586,-0.6103265972057016,4.377703027913465,-0.22380742826676514,-0.887686222553941,-0.8130471604855496,-0.030290115967700978,-0.8158537765595125,-0.8195688469730463,-0.5215301377961771,-0.7660629702830671,-0.7042961975996571,-1.198377339052953,-0.43303398156125583,-0.7099428823524021,-1.365036407150627,-0.7264512164441586,-0.7072080678529608,-0.9560714450913496,-0.7598729646866533,-0.399692004652636,-0.9421043252586168,-0.6761852081315293,-0.6624154349687461,-0.4278292873058756,-1.4486555933449181,-0.48180990795710676,-0.6685889329516242,3.1226374870797367,-0.40553391829444335,-0.5718427608448365,-0.6100067339084732,-0.7407143303776922,-0.7690557197714912,-0.5431957298552943,-0.7511418616596395,2.899410735926113,-0.8425089271344928,-0.9955677256763106,-1.3876998511183072,-0.44012963289591983,-0.38979720353002,0.46866113416806965,-0.21466944642644056,-0.7564944087777077,13.301714594722617,1.1931749218551853
CS_time4_2012,0.3084782926859374,-0.9258093681296689,-1.525105337117581,-0.34780570776916087,1.226944504197933,-1.1560124456886265,-0.655320136297155,-1.1254340828081488,-0.8917369688209924,1.2031966757903412,-0.9251310926450415,-1.321351784199566,-0.7055954621749604,1.2840136153750248,1.1360360387655304,-0.16124016031287122,0.904013249630193,-0.6493747146672302,-1.6955821887159894,2.6854310164699586,-0.940240596180321,-1.1116616309794136,0.40862388523773807,-0.5482572130725932,2.5039783958400528,-0.5777083940610945,-0.41529982489101436,-0.3050078656305065,0.19844350383622317,0.9784799626081889,-1.7059619042173424,-0.24102735741670175,-0.7186891947178448,0.2626171517731513,-0.7456768044853946,-0.5996135300541487,1.0074029858623141,-1.7719788907750815,1.5807395089825171,-1.3951546328309834,3.478126535263236,0.2325208066863531,0.8431825472325469,-0.9881348014405928,-0.8863282113656595,0.09964857545795477,1.4614177886102035,1.406629546981782,0.0821513283636683,-0.1387834992068683,2.415163636139349,-0.45897067001202757,-1.8392993118202412,-0.6212086890984779,-1.8178116534694932,0.7415071471081245,1.266598097327497,-0.7389034591088053,0.5994858736436092,-2.092377048107378,-0.4592405963405088,-0.8292240947001305,0.04846063332027301,-1.5027326529144605,-0.8382431726111422,2.6346521492087014,0.11335787915369264,-0.9712277830971142,0.9903431057588725,-0.5717925293504473,0.5051482703980443,-0.8058068819224833,-0.8567508016604404,0.5511834583142763,-1.076380998302822,-0.8113052224648911,-0.46062284047371743,-1.344431665512642,-1.5040649823643388,-0.13850152445408706,0.8065618059233715,0.1959958482342201,-0.3456939105178004,-0.22335849141520586,-0.9522505617481959,2.1512296996279328,-0.4105790928479757,-0.536757868696259,0.5161129737036281,-0.7711469523007548,0.9595204779745545,-0.42757227413732996,0.04738601692585965,-0.4923891101594454,0.35263214947957444,-1.585816915227463,-1.456129668316503,-0.2420476364297991,1.7122473257248534,-0.33143885115101573,-1.0377077815773097,-1.6871481848387009,-0.132644310494414,-0.2505232688408146,-0.6612042564756979,-0.9155541671942864,0.7494035160810838,-0.21625902992286322,-1.810580997286814,-1.2272293097799176,-0.21569575358451457,0.2913458991506135,-0.40599093333658354,1.41978106191744,-0.5725641454819255,-0.0242701257569197,-0.9925600766419596,0.7730309281687532,2.1705169834663827,0.21166011719442035,-1.1169697881181302,-1.1067517443621226,-0.5450504436408219,-0.347544328175571,0.10901638961886716,-1.024086441855942,0.8968800521138908,0.002833254595357252,-0.41009412429900755,-1.440324784075469,-0.6230779668821983,-1.1403863229676354,-0.445173157560069,-1.014991115473827,-0.05765579880828842,-0.7827648651534868,1.1549702189315068,-0.30543681428248326,-0.6060603230633003,-0.9100006870571019,6.008721506728565,-0.42147977091243,-0.48916165322782756,-0.6060285345001049,0.012923594629757168,0.3699803437149102,-0.9238730507967378,-1.0446482222849733,31.88616211002307,2.5596155755657044,1.0904616259404905,0.2788893400561762,12.253886498011438,-0.7253965929076523,-0.8721834630977611,0.5154742605274972,-1.316853522565053,-0.47126285553326364,-0.5976990891959179,4.270975088435594,0.07340013520495835,-0.9078005275581392,-0.8130471604855496,0.25092594960801445,-0.8158537765595125,-0.8195688469730463,-0.5215301377961771,-0.6450128288096446,-0.6784517101766444,-1.25097383502147,-0.4596085233329086,-0.5780751871889884,-1.3000665724368174,-0.7264512164441586,-0.7072080678529608,-0.9533175762350015,-0.5361803684412028,-0.34068935154314933,-0.8896697446820468,-0.661928985940789,-0.6624154349687461,-0.4375888626094759,-1.5275546565347968,-0.48180990795710676,-0.948363049903425,1.3807126912898373,-0.40553391829444335,-0.4060522082326628,-0.504225073169132,-0.7003488994502449,-0.5497874089383066,-0.5037067774132477,-0.716002233528078,2.86273661547389,-0.8765357173964375,-0.9541858886414467,-1.6232561771584308,-0.44012963289591983,-0.38979720353002,0.18272584133456565,-0.21466944642644056,-0.7531087957431483,11.979633421073999,1.975686794685391
CS_time5_2012,0.42813770304984394,0.15634654812514323,-1.0852409470640252,-0.06214149827792995,0.2546513208316763,-1.5112285883193997,0.4890969462015167,-1.5175464515938726,0.7110384192262109,1.7998414378638836,-1.1059329676813452,-1.794079648986633,-0.4730042030814145,1.208812766098461,1.1840525786916372,-0.19055298352961425,0.6353026394898621,1.3678178892910113,-1.2138938072144168,3.863500789633752,-0.5340332621748165,-0.9449880098155813,1.4135446401318628,0.011355021748926632,3.363597640853714,-0.5743299825861199,-0.12157861638179375,-0.418813988018894,-0.9052735391864153,0.8743505088523733,-1.3876487285844765,-0.4552332921253198,-0.7228159119724864,0.51612879543777,-0.7767283011223717,-0.6098280292567118,0.9547670326026286,-1.4252110275356107,2.369283802817822,-0.5453638306911747,4.4109880776859525,2.2703609626144803,1.3140585852041151,0.8345754490391352,-0.8403332459240773,-0.5643549734073561,-1.1314894011105439,3.284283603391357,1.8856864254799166,-0.10851155996646608,4.7850982648845655,-0.3215418721023556,-1.896092169806466,-0.8989868259615669,-1.9406488186935367,0.7849117445351411,2.268971170494863,-0.2700394776318517,-0.4507108282365969,-1.9941870961535197,-1.8466932066756243,-0.5061686805798661,1.1369119962193366,-1.2997368730345302,-1.0613634256063529,2.5548164907598543,0.4325094904706973,-0.5671430077286601,2.2506070060243437,-0.4173063042978633,1.4720481032031232,-0.7946150153615651,-0.8559364531276987,1.7657579118780347,-1.030726718149039,-0.09722265451351311,-0.8367177168917062,-0.9773081435543755,-1.4718246993218698,0.2248565248271657,0.5728690817541418,0.29369849589788977,-0.012641610175388238,-0.16815340957257652,-1.5868141285739363,3.247415592631947,-0.07070566140812554,4.577313355013883,2.706302869720123,-0.840722993757611,2.532678349534962,0.21238766814531423,0.11306442612163378,-0.24547137466463553,-0.8584533237974581,-1.2214928031524512,-1.6759421533858068,-0.22853832920869424,-2.1602816406634213,-0.3184839502944048,-0.7778489978679224,-1.7387524507731305,-0.10137044857885047,-0.2245052035865098,-0.9038652772729511,-0.19906817950197855,1.7693657899366786,-0.2273520626160942,-1.7913835822266297,-1.1925234196367247,-0.23018019644107965,0.6332219575951833,2.1246001120656435,1.54111036407118,-0.6880561385373712,0.16404657497890454,-0.7845427198707446,-0.13469924726096977,0.0049710820594676295,0.0052890989038799525,-0.3268229993556373,0.12622953492190536,-0.4617332448370861,0.3104014558055458,-0.9262328090197631,-0.9155132215945173,2.349018769057858,-0.7185985106551447,-0.623163138229503,-0.9684623204636431,-1.213618083848943,-1.544137632844967,-1.4283763478531433,-1.1333821465373966,1.7151577894032093,-0.7787522827230751,-0.39522789161202154,-0.6222775363362723,-0.5083608442330884,-0.9750624546641434,0.1428114373629566,-0.5407251129578966,-0.20506097158122752,-0.6060285345001049,0.35914751292502856,0.7486334356456567,-0.9107960504945501,-1.0446482222849733,15.479251131696047,2.2110292349442497,-0.24430276878728413,0.5290680688690373,2.8847906840906212,-0.6868113666769551,-0.9503050264238742,-0.023800557985636937,-1.3091223245748005,-0.2987142977616941,-0.5356864447505256,2.09427003085946,1.5047433964364874,-1.0293669217526316,-0.8130471604855496,0.8387076946213907,-0.8158537765595125,-0.4738573009343134,-0.47063663680477225,-0.1260240831798287,-0.556576818295518,-1.2755620378365473,-0.46155158768891436,-0.8260187350332313,-1.1695421753256527,-0.6023995889933799,-0.6848910750207574,-0.9343327274867721,0.4526090164589841,0.04025519582955262,-0.5220526443855975,-0.4215342185186488,-0.6013506328762165,-0.27315983679766825,-1.5400260195526223,-0.48174643813619145,-0.9086275196313037,-0.09113304343032193,-0.40553391829444335,0.014482079031515408,-0.1291271126305279,-0.5931155486318793,0.19117757318469983,-0.29032238506326413,-0.6310041925439654,1.313484096690032,-0.8613392122743097,-0.8438144082541278,-1.5344206342095712,-0.44012963289591983,-0.38979720353002,0.13005891303714728,-0.21466944642644056,-0.7525448654016644,7.872732867185922,-0.37423422887323426
CS_time6_2012,-0.6355015013971362,0.5341840370330718,-1.3206613240254925,-0.032768767168793005,0.528936362521652,-1.4844198220359714,0.014819428338372622,-1.4022192820265815,-0.8670551530426533,-1.3045471551284549,-1.798725200719272,-1.5978529880897758,-0.4826955055965658,0.04463656796186182,0.0093145877783885,0.26991824158390665,-0.3760263839304,-0.10073306239850834,-1.7465844894756057,3.0057373484790713,-0.33316150347868756,-1.2018909600636434,0.8756288124005507,-0.10665844354865467,2.52536195877584,-0.7364937415758557,-0.4175505619987404,-0.42448451326945025,-0.1712852977330536,1.5389792442689187,-1.8733863664677102,-0.231682126778469,-0.7475762170396014,1.7625908403979182,-0.7529830391885971,4.239273420337435,0.22165875561188295,-1.244737047060732,1.7672089009571665,-1.4077441278830563,1.6110615548563842,0.17566522049631744,1.2050090162998022,0.07874298021491241,-1.7525666652294647,-0.27754893688846133,-0.9544828207771163,1.3977307119724576,-1.1712338055879858,-0.1471669519047159,2.2097808597941615,0.763123432838353,-1.8582302646962932,-0.6710230051877057,-1.688509377205458,-0.11034070598310029,-0.08419342226747872,0.06486336786652865,-0.4755207710545956,-1.4590518704574422,-0.8237408584892025,-0.6534583833078847,0.8821319934239028,-1.3617633609222082,-0.7618596631914176,1.83629556553609,0.245460927510299,-0.655832391017217,1.29590751187917,1.6769172788291677,0.10374907251030448,-0.8101121513693795,-0.8749922084050474,1.18927152943437,-0.9181128263461938,-0.4119945673333584,-1.0278079939683789,-1.0774327406784268,-1.6588183645384196,-1.615460499447543,-0.000852737290151848,0.008451685562983459,-0.17792192886778221,0.1347775058049647,-1.110891455646226,1.9511731969701636,0.09508636807222906,2.7971422650250495,1.7902985168902352,-0.7874538372833133,1.5014166872296049,-0.44989645824575364,-0.15975358855490998,-0.24791720434499354,-0.4027671231060725,-1.2099269589409674,-1.2303763078476433,-0.22953901862933787,0.9343868779412198,-0.397292930237,-2.174198608488758,-2.0935318007267734,-0.2264658959818792,-0.2354796481733934,-0.9433682348975224,-0.5695683208842234,0.3360164782915569,-0.22791611509739182,-1.8566547928584058,-1.2867251194725398,-0.3684832663927184,-0.5345194041274536,1.1156080404928035,3.2044248217089137,-0.4489590784377942,0.03693280147735812,-0.7437049566789878,1.6332856764815096,0.8236217969413919,0.6422504579086468,-0.5198161361593432,-0.4915589794380479,-1.101490307397172,0.4369472865363297,-0.881221974400624,-0.9378994524844322,1.6676246249807787,-1.0786019852997282,-0.21731739892846505,-0.5618166194172245,-0.6879898826718445,-1.4845677661581005,-1.4283763501890339,-1.1115253406980634,1.3751720851770461,-0.6884691815934596,-0.36579823858766447,-0.5872635374858622,-0.6998905154424493,-0.8475765588457779,-0.2957558504691081,-0.5718025837105073,0.09616890583556546,-0.6060285345001049,0.3600089919355986,6.0413883077460655,-0.8837581750296019,-1.0446482222849733,18.621901525715153,1.7425284589279282,-0.24430276878728413,0.651855218096047,-0.26199980784671534,-0.6921448353545782,-0.9979129761362777,-0.4195287218120881,-1.2873795821258078,-0.28864210224861414,-0.5191251704958337,2.1351642860388207,6.386296221420877,-1.0293669217526316,-0.8130471604855496,1.1747052561544506,-0.8158537765595125,0.18544526186262186,-0.3618893584920863,-0.10466618158742023,-0.5363913260732395,-1.274003396963912,-0.46691443129591437,-0.8260187350332313,-1.1984065938034272,-0.27979215035943267,-0.6294211411430524,-0.9347897599508661,1.1166036819770813,0.40986817880432197,-0.1659010028597128,-0.1446930838328474,-0.5318113533686738,-0.24493945301691677,-1.547890005704359,-0.4676384834826064,-0.9081266086612477,-0.024292947252212312,-0.40553391829444335,0.16686370192263072,-0.01994751285533893,-0.5554899231507442,0.46831777271872976,-0.21638451998039973,-0.6070409231502452,0.9448609007216794,-0.8326950842213683,-0.8237253139903544,-1.9199914935912865,-0.44012963289591983,-0.38979720353002,-0.17809263533110298,-0.21466944642644056,-0.7564944087777077,5.644627191173089,-0.37423422887323426
CS_time7_2012,-1.1154686922810952,1.2641807389303,-1.5189100643437046,-0.17444900005776628,0.757822500389675,-0.9683510917042994,1.0588774456834422,-1.6040418244676378,167.6033037846448,-1.7928779441294722,-0.8811979258942624,-1.8267840917301237,-0.4434064415730363,-0.2894563751451095,-0.047898453270355586,1.6640457509202868,0.04413929645219592,-0.912881038152016,-1.4235699257484957,3.1796485584273806,-0.010774730502493765,-1.1480039994370814,2.6051834481393676,0.10272028538834017,1.761968748967238,-0.6579456710022555,-0.3263957045184491,-0.5175866249851263,-1.1076398950175856,3.437734838427581,-1.712162809512746,1.0787524850205175,-0.7428599683087923,1.2412650627096373,-0.8497906454291697,-0.5438980786303312,0.6450564236444492,-1.3994290302562231,1.1619735005078533,-0.054373587054723435,4.666802207796475,-0.45808916348318274,0.41701683204397905,-0.4126627602225301,-1.0013156163915546,-0.8504813750593716,-0.43303100602820616,4.150436817516635,0.8714969287729378,-0.14189777475128051,4.1709147675101566,1.9011701721050052,-1.7549705223195828,-0.18047863631618258,-1.6885093796169455,-0.42509190574305966,-0.4486927212375416,-0.06537662837616692,-0.42944516287686063,-1.503237347371684,-0.7139988443932345,-0.43154189810362675,1.4737369230317534,-0.11371522872080018,0.7497297961642694,1.7980181951586773,0.4804406847756305,-0.4669937597925726,3.652599491139043,2.1874838627908186,-0.06271353570170024,-0.7852250347426664,-0.8811812571566823,2.9009419543367025,-1.0088126631757042,-1.2106158775964249,-0.7600381790605808,-1.0841077109982966,-1.4718246993218698,-0.5044736592984528,1.9713160168132022,-0.20857172407121033,-0.18639358335742012,1.240273206295537,-0.5527105405451832,-0.5041594573440797,0.48166023905370514,-0.5084526129855508,4.009847526260014,-0.5091496726723828,2.0599015550361393,-0.6354352322477383,-0.018292396038844513,-0.42691644612417545,2.053656746556419,-1.3891975528470875,-1.7234691787417273,-0.12956104791866893,-2.1162518040849574,-0.2898752112718472,-1.4854162899977947,-1.648444980575781,-0.10762522085827297,-0.19573325149462165,-0.8906976263686054,-0.5408754527069017,0.41875597916445023,-0.221335502535064,-1.7069149579667962,-0.4810526888075556,-0.4306261998907557,1.1949712458864734,2.011047948810047,1.1550625796289011,-0.5410663291131629,0.36648702842357117,-0.4840023054851621,3.7335985928760844,0.04840380432331804,1.2334755377629343,2.44950876149647,-1.4286247523522952,-1.1818318943362829,-0.02620582841587958,-1.0419749546122072,-0.9263332330706975,2.230143850162683,0.5010438679232231,1.3060535731159992,1.421540240317842,-1.0552963363641448,-1.378665784777422,-0.6017341739472762,-0.549623294598217,2.9705090861510723,-0.5018841055015244,-0.3696985539706448,-0.4943250422335666,-0.6273413976421182,-0.7737226613407795,-0.2957558504691081,-0.5903341994824579,-0.3383841005273795,-0.6060285345001049,1.6611031519501456,5.331547774566982,-0.864912643832098,-1.0446482222849733,15.730722333612084,1.665960025939363,-0.24430276878728413,0.8458430992366339,-0.26199980784671534,-0.6718853521305415,-0.9979129761362777,-0.6584367195066682,-1.280947035464897,0.13528108003342623,-0.3945019417589798,1.710555584757726,12.921996548160804,-1.0293669217526316,-0.8130471604855496,1.5591633723552474,-0.8158537765595125,1.3771142396942857,-0.19756289850982506,1.5409043632345985,-0.14506592490830664,-1.2735835039719878,-0.46851485002153304,-0.8260187350332313,-1.2420211594061594,0.48152549417277624,-0.4487738936808886,-0.939916196745817,5.615981124151598,1.0929375606514433,0.5080967193140569,0.8249310551676539,-0.29057863572900844,-0.037058216469365315,-1.5486727500339765,-0.4540252571947365,-0.9512918457426501,0.3357649231613558,-0.40553391829444335,0.5737242572444449,0.31251265959580726,-0.45629723071035494,2.3443882339496542,0.3400170997394705,-0.4040390185453563,1.1815340296953967,-0.78555596497536,-0.5335613676949346,-1.7108139247970255,-0.44012963289591983,-0.38979720353002,2.109387393077118,-0.21466944642644056,-0.7564944087777077,11.024946206600983,-0.37423422887323426
CS_time8_2012,-1.0503207911215398,0.7212686169667266,-1.5374958826653324,0.939411042887459,-0.9030207181612118,-1.2029277848096878,0.6088803467019512,-1.419518356171164,0.10941916890743521,-1.7910421148782218,-0.6260476157393449,-1.719751368108646,-0.5610117065644638,-0.6223518525718152,-0.6296855261626811,0.7539147488054639,-0.5958805185057542,0.8018286024826577,-1.3498999376412824,1.8240940574943634,-0.008790811637716467,-1.0452428198052945,0.5621942387603871,0.09510651389171192,0.9643618373447262,-0.7069326399096811,-0.5075800513449312,-0.4160446618035177,-0.9156653250622335,3.0623545859857515,-2.542050732730994,1.528014730805636,-0.6797801441179877,1.775820644296789,-0.8004735630561464,-0.5503982146124584,-0.5706855939914647,-1.0990687619273165,0.520392371888584,-0.21803700160020706,5.858161672044088,1.9187215237306317,1.0939965557531415,-0.5188919950681798,-0.7406774969984943,0.03508323547250935,0.46156981118379575,1.3057760894436938,-0.40102385680067315,-0.10687324436669507,2.1418207733069794,1.8103081569161,-1.8220893551854103,-0.5249572982030472,-1.7790209703491335,-0.5923541374203463,-0.019870018095821486,0.7607170550582582,0.7788808455009929,-0.49679035815706407,-0.24759528302345063,0.1438698724758429,2.7322111358887797,-0.7903678304238291,-0.03822641183482675,2.5088836458990325,0.23844660590326938,-0.538244219570983,2.3188971680297916,-0.6029668798375897,-0.43223691536105546,-0.8061874329167931,-0.8305287793435667,2.503331060707587,-0.7300171910227481,-0.001891732931787376,-0.42776018133837923,-0.797083865245412,-1.5556494438907407,-1.04297551638739,-0.9152218872783694,-0.2063256862143475,-0.37210553935564206,0.9405486471703186,-0.2236775784266407,0.5621210817703399,0.20939403755946603,-0.560473082886381,3.1408177541383253,-0.5798128393081454,0.9899330207147974,0.40090300004075796,0.18884720755745918,-0.42286697519518973,2.581518748330501,-1.6147315279132026,-1.0165047003938428,-0.1126857853411908,2.2657652722881814,-0.3859573920881359,0.07686724431247723,-1.6226428476085661,-0.191022186052851,-0.24166561787092633,-0.8511946680423864,-0.6456183498807267,0.08228718267680787,-0.22171153745246525,-0.9735737172754473,-0.33727114802355446,-0.4838915716098852,1.9336916712374494,2.5268992008010125,2.3904154923126937,-0.7634600019764098,-0.4927079220311062,-0.8438850947281795,4.320394878360117,1.1534540542952363,1.102959812662397,-1.150721950807912,0.056144283693545585,-1.3216857629640506,0.4044432844094209,-0.7226123663524534,-0.9184980522313937,2.243352174355566,-0.30777660336311846,0.9610846946290201,0.6082488396559369,-0.9793018976895494,-1.2860015504521183,-0.8334444818443317,-0.630675615629644,1.8596264053740583,-0.6021986625200824,-0.3033931910051597,-0.51528660006013,-0.5518903145524762,-0.6295317174373048,-0.2957558504691081,-0.5978378508678202,0.1366458181378992,-0.6060285345001049,0.9058080139326999,2.1502892806640217,-0.8595441910695414,-1.0446482222849733,15.69680541999961,1.2123262621169515,-0.24430276878728413,0.027087164106064165,-0.26199980784671534,-0.725086219245061,-0.9339930087614078,-0.7431914192681511,-1.2732508713539934,-0.2561022087006846,-0.527688077493291,1.6740805084074641,21.194663847527057,-1.0293669217526316,-0.8130471604855496,2.3647542364871583,-0.8158537765595125,1.2262894670239541,-0.21063801459232617,0.7814388651913695,-0.33208068758175685,-1.2805437742856216,-0.4778724146737834,-0.8260187350332313,-1.2572903583624941,0.24499530958201146,-0.4964665869671527,-0.9349279269652586,3.7199961038231297,0.8403508036810526,0.11230539067547912,0.33751525951228395,-0.40855361957838565,-0.14348801410761075,-1.5416026832215741,-0.42751063338740136,-0.9296964488949588,0.39934146536196546,-0.16366289199219217,0.05807682301942154,0.07433107227129418,-0.5840913023046007,0.5276426858944266,-0.13247778379701403,-0.565500837080367,0.2622542434327188,-0.794450517230171,-0.6856037053125097,-1.832046547344858,-0.44012963289591983,-0.38979720353002,-0.3490887948358153,-0.21466944642644056,-0.7564944087777077,10.72122684250486,1.226769360776568
CS_time9_2012,-1.090207261573457,0.5011691098746291,-1.308270778477741,3.1988076023113865,0.7483643967203213,-1.4241000985232377,1.0669709188452507,-1.7020699177394942,0.6015128636158259,-1.9324010274837795,-0.3793459908920089,-1.7108319738266193,-0.3381117499860692,-0.5639155242482665,-0.45630580280048155,1.8850775657838494,-0.7766494773672284,0.14076054670645555,-1.474572226508112,1.7576266220265813,0.780808792573362,-1.016419562143599,1.5650170374968586,0.13317537137485325,0.27794945442400176,-0.5253430133636575,-0.5334635297628304,-0.5855010549260546,-0.419594285395614,4.1126479647292395,-2.432501392867386,4.622985218659069,-0.597835325443737,1.8644960850563415,-0.784034535825574,-0.603327893620949,-0.6947678411867125,-1.222822348676043,0.014712663719762563,-0.7908589525094001,2.1307411900385396,1.2532948713320031,0.956812197937287,0.3095431878333467,-0.9476548243294932,-0.18919636642208879,0.16496419374982943,2.8215442149927448,-0.5971642783420438,-0.09977387691449616,2.1428609788619633,2.6893981529791016,-1.863393251494163,0.05086242574070397,-1.8113465400180142,-0.7083076868961113,0.3821512674741188,1.1663216110577759,2.716237481910202,-0.9681021198443642,0.02284039477903082,2.3453599579055964,3.335512553719492,-0.1550662215807014,0.990940878700192,1.1188682794076905,0.10868166533041547,0.1916993019091168,2.192613365130766,-0.5939609566276693,-1.5077506485379215,-0.7952064741121585,-0.8823213450174698,2.5451675022001,-1.164645940311893,-0.36342975860544885,-1.0253737230558329,-0.8771835439405592,-1.5556494438907407,-1.351437744466934,-0.9597347871530706,-0.3525989028861126,-0.1739352678877459,2.5150087282349016,-2.280133582353257,0.7884736722780396,0.3265711401635341,3.3762524989258624,3.5430376139774244,0.7029954208455976,0.6415711715396717,-1.4147973020164395,-0.821589884535096,-0.4977450998902018,0.9991560613729181,-1.4643755466928225,-1.1293813839521938,-0.018257092332987945,2.2720552493891355,-0.3535701401479494,-1.378968113440039,-1.7774556550360503,-0.16391817240997755,-0.24191223460493844,-0.9414871418109519,-0.29406107276381027,0.012509685915994365,-0.2303603426566093,-1.9180865179003166,0.3370147007074793,-0.4236175985872541,-1.0118051956971548,1.0474767432655305,2.341883770957498,-0.6847154612325136,-0.23377245687304696,-0.7200956244060835,8.868540842632125,1.3789516185880362,1.0066533373584348,-0.19008346757291666,-0.47598447894992063,-1.3246613781583874,1.0699077872450264,-1.194154443771706,-0.8785759403756553,2.3016241934843364,-0.18144293025663533,3.051190253029558,1.0110582607197942,-0.8653102399729268,-1.742703848550949,-1.4346387905642153,-0.482231477046528,1.52994439558818,-0.6874660360793999,-0.32537678724500196,-0.4621466252049995,-0.38260903872287405,-0.6216187999060455,-0.2957558504691081,-0.4042588337583542,-0.24481147080893717,-0.6060285345001049,-0.13861071352276225,0.6968363995719995,-0.7281704482692717,-1.0446482222849733,18.239341277765675,1.9730666813663877,-0.24430276878728413,-0.08833149648646847,-0.26199980784671534,-0.7244725943526275,-0.9979129761362777,-0.7848152108784668,-1.256612249313379,-0.3562712021209306,-0.5274325773516533,0.3416783457581148,32.54122760180494,-1.0293669217526316,-0.8130471604855496,2.997309317129241,-0.8158537765595125,-0.08098045040304727,-0.41364618549893417,-0.31158582823631575,-0.6039816854462218,-1.2893350809784048,-0.44411672308608424,-0.8260187350332313,-1.228538527300022,0.044460191563595805,-0.5444527860265256,-0.9178439159395474,3.1463375496065327,0.6142845135277226,-0.006562859454280987,0.023780272521357296,-0.491772262552507,-0.2760111351644043,-1.5479493923632954,-0.366373851431255,-1.030190436547183,0.29760359286419796,0.290888033687192,-0.0580092225913073,-0.20511483840234432,-0.6102497419883057,1.1353002843990683,-0.24753566046484515,-0.5402400307834411,-0.05431696004538607,-0.7666580387859278,-0.9159905044373109,-2.091506000184482,-0.44012963289591983,-0.38979720353002,-0.34429541889887305,-0.21466944642644056,-0.7564944087777077,5.841185709195403,0.5890713820091467
CS_time10_2012,-0.908059047418893,1.5906616760009678,-1.215341682247929,2.451242796888928,1.17587073704545,-1.1225014884593207,0.7675124172922778,-1.2638266824173652,95.40745108640652,-1.780027133892603,-0.9166824060769165,-1.574067938519334,-0.461741338091297,-0.6635446742062285,-0.45353151367219385,1.506529518496379,0.2346795496977267,1.5671238289433331,-1.1345568951565426,1.7230826142028686,0.21390405161095444,-1.140484889108547,1.911179720090954,-0.2132512501813257,0.9878837572919389,-0.6030464813835509,1.401045120947359,-0.30698595586164296,-0.8418289520024826,2.4889998159583864,-1.9560651131200009,3.261015043226304,-0.5783808001438084,1.851981406575675,-0.6397364057174519,-0.5448266697818046,-0.7040080085146709,-1.0436374679930085,0.25807102321706477,-0.054373587054723435,3.436527765806316,2.502263773051416,0.8567046931014682,-0.7191226387145592,0.04890268780116567,0.2879075144512276,-0.33735177563400776,2.228288588273283,-0.6737068794766767,-0.11116828792517673,0.9119512590878777,3.2277555925073544,-1.4004454096079129,-0.4194184925983184,-1.6820442661654669,-0.6802440095274295,0.5751214839878622,1.244465607970601,-0.34983523634110497,-0.3495054338887619,-0.24759528156152985,2.009539436213129,-0.0061229735177927925,-0.39753340386346253,0.46831686478957557,2.2704703104637125,0.07127195299996998,0.7995703577030959,3.744965342306257,-0.5787201629068792,-0.30355305487470247,-0.7883061221359147,-0.8438840950739761,3.193797037903346,-0.844457253940923,0.5053407209383421,-0.27926964750122074,-0.8771835464303244,-1.3815518952583548,-1.4586152983820773,1.8371590827344488,-0.34529927977276703,-0.43888211033753355,2.259894335730003,-0.2648067006091035,0.8096136636150976,0.1714930702856442,0.3024547164207901,4.20655358824574,-0.6841769010879316,0.7770452246268801,-1.2877974994257075,0.6081786018123251,-0.27147470788614464,2.3747778947375173,-0.5044104210568814,-1.5036566936724238,-0.013981419333823172,2.9849192713005306,-0.3012107494207113,-0.14855242417304101,-1.629093383256419,-0.16947797002048934,-0.25786011662784897,-0.9508926079454522,-0.5545254578927523,0.23899548688896943,-0.23694095535919815,-1.5994094359211666,-0.09680891544879555,-0.43623308114269355,1.256643005611794,0.5381141883231189,1.673469604804033,-0.72718978927984,-0.2643739209291998,-0.6856387618543558,7.364519296719976,1.5647026320900248,-0.46545992659536145,1.0950950440830072,0.48314516925241713,-1.5775885886540273,0.32647994790465257,-0.8469280037964604,-0.9069318329568264,2.9449472833792125,0.8273267002163193,2.511995199641625,2.0315087904565368,-0.7956486708433994,-1.5110432627376902,-1.660086655750199,-0.749977346540213,1.5784982864861572,-0.6904754726215788,-0.328567954400578,-0.5370929772666619,-0.5451190638945355,-0.7297620079156381,-0.2957558504691081,-0.6323201952705951,-0.3247243874284161,-0.6060285345001049,0.8543433057256216,-0.3414567761316797,-0.7328949120970699,-1.0446482222849733,20.13005955334039,3.6255963330302925,-0.24430276878728413,0.1765142334437054,-0.26199980784671534,-0.717341259549557,-0.9174372657386477,-0.7715593078761601,-1.2678284297805942,-0.3062344619795764,-0.5304170289872376,1.3921445218897466,37.745569334157416,-1.0293669217526316,-0.8130471604855496,2.1985661426811633,-0.8158537765595125,0.6596673431265159,-0.2851871792456477,0.8514531240318715,-0.3240156391664847,-1.2900860318897105,-0.4851017105942826,-0.8260187350332313,-1.2139784467271548,0.042563732533930795,-0.545846828007534,-0.8989309540884135,1.5780129203839592,0.5070317467464172,-0.09393034215570262,-0.04482752499957614,-0.5077346207614969,-0.2919132456699554,-1.5409182643205583,-0.444741429450669,-1.0771329514456993,1.0005600004258142,-0.15392200835646377,-0.022012099892318743,-0.15167082441065927,-0.6061125916786194,0.6631752727210525,-0.2458340896740651,-0.6086347006632872,0.01167664564389586,-0.7749940022521883,-0.7069904414401028,-1.9427204193227312,-0.44012963289591983,-0.38979720353002,0.08311856379843262,-0.21466944642644056,-0.7564944087777077,8.153011944414164,0.33860397164908496
CS_time11_2012,-0.5052056985821036,0.8496599992964493,-1.4445667864355207,3.1089616007156575,1.0964226560626076,-0.7069656298155659,1.0426904993598236,-1.286892114610142,2.0423138383148416,-2.1857455730338917,-0.28978992158947864,-1.4491964263338026,-0.45178810849698475,-0.7526361257311979,-0.682717127188087,1.1988185603482016,-0.9965036101202364,-1.2495745870456354,-0.1655132082027357,0.6161258498517694,-0.6198377416989033,-0.8535054956765957,0.524431037000085,0.5176708546740793,-0.288714972546843,-0.694263596248453,-0.2802555912914907,-0.7246267318598052,-0.4524104512226151,5.308208359330466,-2.060447031197375,6.575634450416253,-0.5147114446967314,1.99572143491746,-0.8132594732757706,-0.6618291174600933,-0.6261265980823069,-1.5927940100920472,-0.43565832592601933,-1.6721234864095402,0.8611857993888876,-1.0362239527778918,-0.6418544809389967,-1.4023523928913562,-1.6912400465469242,-0.25987842299798997,-1.5572619836808383,1.5786736779559298,-1.6735446405898855,-0.14656180830693316,1.379696952800339,3.7627057062330196,-1.7756224707949249,0.9095261495743289,-0.6153004863843075,-0.9570488157576513,0.451834957159518,1.7430987323183336,2.7726732861497623,-2.3525804141926283,0.7165666992156285,2.6016440402787633,-0.45364074325135956,-0.21333352855423815,3.264355344497215,0.9012340876001607,-0.019914222222676088,0.3999698767603774,1.0827089567566492,0.6190676555374234,-1.1169767233929768,-0.8155957533234841,-0.8896504816906426,2.1564509689251987,-1.1975170226583678,-1.397680328340777,-1.0777105503995228,-0.9572832226357063,-0.9753242745674099,-1.5971618917302703,0.8992970137842807,7.287860440289442,-0.5875513415924567,1.3851168423473548,-1.927598267206558,-0.7975412880949393,0.31625515073262134,-0.6232036501441577,2.9940221851817115,-0.3341224434458383,0.08032152627662842,-1.2510866189864331,-0.25069292552411393,-0.282164967310045,1.93071322113416,-1.3660658644241195,-1.1115587488897365,0.07294210294320422,4.733532784147441,-0.36112716558052554,-2.149151977748746,-0.9388862878866415,-0.2723342264630201,-0.23983654377439,-0.9791090056473051,-1.0381256424512877,-1.012885763133894,-0.23355664026102077,-1.9334444516670164,0.4807962424161444,-0.4670709278540715,-0.09209156272843362,-0.9218421841174076,1.6734696056268663,-0.4489590784377942,0.8584644119604754,0.14196403487768663,5.1616594559677536,2.0608934337597886,-0.9968188187161853,-1.1256241890395784,-1.2092838720108379,-1.3603687471715813,-0.5784268499668677,-1.2284484127769135,0.010157430602176096,2.0374577067286057,0.07217429314578631,2.0742615804031472,0.7885540088528461,-0.7798164957996495,-1.233050557292939,-1.1590914000408896,1.6597354799220259,0.5860899950604307,-0.3313493591312359,1.3950169066044924,-0.40807818548605573,-0.4870797692934595,-0.10903757953249095,-0.2957558504691081,-0.4281012272273004,-0.5123387222632156,-0.6060285345001049,0.8469620565798263,-0.44117122146898763,-0.6694483171879166,-1.0446482222849733,16.72251911449423,3.9582596810789115,-0.24430276878728413,0.30934296014547225,0.6393923107962494,-0.7111466614871406,-0.9979129761362777,-0.7972059025180882,-1.2568839359439927,-0.2695958405751394,-0.48275919550263946,0.8101170362821781,39.471222875865735,-1.0025034735411946,-0.8130471604855496,0.7419182719362802,-0.8158537765595125,0.540138961645922,-0.3267679563333361,0.6770164910132386,-0.36844332589809703,-1.29584492500336,-0.49298010035347045,-0.8130062826629633,-1.2444405758093866,0.6810167310794826,-0.41374374837380656,-0.9247981421539143,3.6931485057266684,0.5811554668085619,0.13563144327816085,0.45603747299555514,-0.3860194173704952,-0.09811418591001818,-1.5550092169447967,-0.2627562122836626,-1.1512626653334384,0.9164863992514489,0.5051638302574989,0.035014743997115697,-0.21640381588536628,-0.5908391573316164,2.062423993840352,-0.13504548985401707,-0.44033591797852084,-0.10241924131837477,-0.7703235711659652,-0.70906819064912,-1.9268846569947162,-0.44012963289591983,-0.38979720353002,-0.3237325309741557,-0.21466944642644056,-0.7564944087777077,10.856113367374505,-0.37423422887323426
CS_time12_2012,-0.9559228119611933,2.195935323240807,-1.395004601933677,4.74749925443646,3.247195710163318,-1.511228585819482,1.3453863893322389,-0.9466769725598697,2.1410410997020137,-1.354114565455151,0.7747444857809687,-1.4908202644682982,-0.5005065479565044,-0.7174306327661057,-0.3859882474265524,1.39617102661669,-0.40045462171288815,-1.04558337214012,-1.6842483450421912,1.3517940923938334,0.6587977984846026,-1.1354721484220862,1.097172929060442,1.0696693179989711,0.3549302829070927,-0.6520334506060134,7.895547400409867,-0.2671604066322655,-1.326414333456246,9.325548397182844,-1.33494102682748,4.189259959372468,-0.44809443406776756,2.8106058304760175,-0.597725558047631,5.182721729936439,-0.4517184394593631,-1.940850972642528,0.11426835600025442,-1.294438686502043,2.819865663814094,-0.06164505054297856,0.9210439388160262,-0.7856114403395256,35.886644105776625,-0.9748546089340775,10.804494802019176,2.2876141520516518,-2.0610415712132366,-0.024662273427521596,1.224937505991842,5.660586046944969,-1.772180479596345,0.8318495880974949,-0.9256259465242062,-0.8297246608935495,-0.1753182480096872,-0.8542588825281252,-0.1011905342131779,-2.166019510241529,-1.1725636894262208,3.2074956824794407,3.741668831869863,-0.4125701282211143,2.450267936439888,2.7013641372893846,0.0899768091651928,0.6261776302438266,1.278797116367537,0.8837032523801509,-1.9115110184887834,-0.8010064377263413,-0.8973053577526117,3.101559216196289,-1.2334317228492304,-1.0217527296361524,-1.1994241028367,-1.4378812898270585,-1.0784931952150887,1.6965873277193428,12.0355590128443,-0.3832011689345834,-0.21546298614064638,-0.053142822825088296,-2.109741514132744,0.5255128043564683,0.21566046768728372,2.45747919564051,4.277015462045776,0.5301424435988576,0.4286833744204927,-0.0937016995240382,-2.1351581023709523,-0.754937123383312,-0.7293932051829819,-1.1983611147294835,-1.717528298910277,0.015038573966640144,-1.9254558455782813,-0.31848395049574557,-2.3620483320320576,-1.5774891125098915,3.7063959718375137,-0.22588214700146866,-0.7797131279461165,-0.8308684204679418,0.03657089150590602,-0.22584792259583666,-1.4919039124434104,-0.00012822365803759716,-0.43903652159438195,2.18574147154958,2.251129663367642,0.9057860103637202,-0.4985920010658365,117.76076476296491,-0.05456770112228815,5.6250196286810095,1.0548890208011679,-0.7488017571709118,-0.3060524377252183,0.41046416713585815,-0.7503678276756321,-0.06576585964545445,15.041896642342884,-0.8528317746017512,2.442253999779812,-0.011889842726959905,3.994781597269406,-1.689682997251279,-1.2041187789408012,-1.398522405360484,1.0640750569507118,0.7253570367446626,1.53077592060433,16.639867383162063,5.148893254689367,-0.4950109351499263,-0.3768051095874963,-0.4633604469852326,-0.2957558504691081,-0.223811962139255,-0.43182425102060523,-0.6060285345001049,0.3309840805700026,-0.31092661660489285,-0.642684137029556,-1.041411974557764,10.108615203704984,3.0500222898087044,-0.24430276878728413,0.11061769359591582,-0.26199980784671534,-0.7223999667096889,-0.9681545115016059,-0.7946254755284481,-1.253992209459306,-0.3812664641605327,-0.5398425237635947,0.0140162565330524,49.03320964257307,-1.0293669217526316,-0.7862672366410637,1.8739594423416583,-0.8158537765595125,-0.10432722878312047,-0.419687811390049,0.5805258707424487,-0.4006943710072592,-1.2964678524256688,-0.4886768225151044,-0.8260187350332313,-1.3562772966159429,0.0842617332110782,-0.5354517983936624,-0.8721324602758518,2.3840652049692803,0.4169158008415739,-0.13880588763853188,-0.13821614599501109,-0.533068475055537,-0.3095585079922392,-1.54994344529994,-0.3426399204447641,-1.1512626653334384,0.8307068494352718,1.9710525394589993,-0.04551606805384247,-0.2302486604669486,-0.6083992375978936,0.8266668171917028,-0.2881076800230238,-0.5756517763614354,0.25753687700691374,-0.7551121691310486,-0.8206691961474234,-2.0425527242323533,-0.44012963289591983,-0.38979720353002,-0.5957901903686253,-0.21466944642644056,-0.7564944087777077,6.934568685112569,1.268712712023499
CS_time0_2013,1.3933902810433252,0.20770309859411898,-0.5524474561589839,-1.0377769235818726,0.004957351927662387,-0.6600502881945877,-0.007842296635446826,-0.4796019448459176,-0.8547142460165761,1.32436145841497,-1.0721382245602074,-1.354056228052035,-0.8305346858713909,1.0584110687066364,2.3464463176448587,-1.170214859061261,-0.7619925321464505,-0.7318719047954065,-1.0438861415386318,1.8649512799128727,-1.019597340226384,-0.8083908313682001,0.046936331709639394,-1.2677586606830555,0.22662890289954812,1.0903823636983436,-0.38941634689287763,-0.7073514107636606,-0.947934554822719,-0.7505831886592425,0.38891084767666967,-0.5849577654226256,-0.22112497230856615,-0.4778942928514152,-0.4972648347961102,-0.564327077728186,0.8739155685445394,-0.390063837946244,0.14271283976158064,-0.6209007892639095,0.0843501380342622,-1.6727593151949987,0.8268251115918338,-1.269374789926485,-0.2040696021120623,-0.7600898989783461,-1.1984648634571333,-0.9782580706601809,-0.7119781827205921,-0.20145276003262008,1.302490596629332,-0.7985674518441062,-0.3867789464200377,-1.2156032430906811,-0.376091276622161,1.002328891640456,-0.3522076119809769,-1.3156805803693636,-0.5578570648894057,-0.9484641290873441,-1.3058218496087421,-1.1198757738759457,-0.2965009809652707,-1.367402132994507,-1.1538276738118214,-0.8792104575566395,-0.40920904437729444,-1.0270323389243003,-0.279308799099609,-0.4914319816979208,0.2737534385968136,-0.8595791928275504,-0.8544706256958636,-0.9358219886135954,-0.7549748642945783,-1.3581090016669852,1.1606016762643139,-0.5567848316497359,-0.2853821299120069,-0.18555508409118882,-0.5813751387946148,-0.21250229034690085,2.0288610184606046,-1.0054304813605248,-0.5174570088113543,-0.7562925246464688,-1.2012586860365067,-0.4281268868033174,-0.6465079341410985,-0.9711780707795947,-1.136180167864173,0.30366877638461953,-1.6299395563246748,-1.3200963153514818,-1.3514507438511554,-0.5217591895311374,0.040971570564416956,3.5646659067970146,-0.6506872412296375,-0.300670961918576,-0.84985805920181,-0.6679638748885438,-0.36754576154753243,-0.286385451985725,-0.6442744172932682,-0.9929970537885958,0.17061509261048433,-0.214942907326241,-0.15576385089213785,-1.2197923329904246,-0.4273555191895053,-0.6216642815544673,-1.051616083943683,-0.7950302325185967,-0.1998399855335919,-0.8693413243807826,-1.0557309918358102,-0.7784660462770284,0.5252021356114082,-0.3639476960232533,-0.602032943299054,-0.8705384885725451,-0.5331479873030902,-1.0726958958920993,2.833243575754826,-0.6435205146398696,-1.5443290704634878,-0.788889426395029,-0.6956355909616939,-0.41987425147686125,-0.5819143118865567,-0.015177764008616779,-0.5766844124465502,0.017742952621771228,-1.4556318945893887,-0.546022510365186,-0.30587521006558743,-0.6315872785084867,0.33707821375317,-1.048037139474498,-0.2957558504691081,-0.27922741013499075,0.9904500696115112,-0.4213115330095382,-0.7145621710298282,-0.26500349774205134,-0.26762556593117715,1.6003729172246848,-0.39911246234103553,-0.42549025594797324,-0.24430276878728413,-0.24319571255896302,-0.26199980784671534,-0.7476836406955931,-0.27369759899179896,2.392124415660838,-0.26128512103129387,-0.5236018791078586,-0.5962434335316712,0.9824575762037525,-0.22380742826676514,0.897055320500809,-0.8130471604855496,-0.33494634256066624,-0.8158537765595125,-0.8195688469730463,-0.5215301377961771,-0.7660629702830671,-0.6972562737319917,0.13247112660341234,-0.32942519081032107,-0.20993166976902566,0.2929338535346839,-0.7264512164441586,-0.7072080678529608,0.4688867789757458,-0.7598729646866533,-0.399692004652636,-0.9371324568442136,-0.6765867850504027,-0.6601775731851066,-0.42431570503004823,1.3668948821466023,-0.4770502165702849,0.47096421917299647,-0.2572319662874049,-0.40553391829444335,-0.5718427608448365,-0.6100067339084732,-0.7370698749930156,-0.7690557197714912,-0.5431957298552943,-0.7479509379772185,-0.41679891232262634,-0.2619428841796409,-0.8474883051177735,0.0967859124419026,-0.4153311375928643,-0.38979720353002,6.569462265835366,-0.21466944642644056,-0.7556692488646186,-0.39955106448779565,-0.37423422887323426
CS_time5_2013,-0.8256270091461612,-0.9221410431939053,-0.49668999888326404,-1.012435743809865,0.5005620479857184,-0.4522823588727104,-0.9256421348298798,-0.5199664511832772,-0.2993733987717749,-0.7317681835926363,-0.6091502438636405,-1.053769974591383,-0.7574570266821113,-0.3644177309282962,-0.2409649583753875,-0.2788397767335385,-0.7277929999799057,0.9122960751090485,-0.6812031249532275,1.0954537336000159,-1.2784987184097283,-0.8171631276863661,-0.3218842709389895,-0.7081464244415674,0.34851521346803177,-0.5912220409061032,-0.4861980475622465,-0.7011533948241521,-0.7417396465259395,-0.232507017841198,0.7216928036171087,-0.48555849366975906,-0.07315267426162397,-0.712455136606917,-0.48995860009290787,-0.5095402171094775,-0.20338894215120673,-1.0217227705699878,-0.399312596577197,0.10928982514281986,-0.37299233913155894,-0.08095741024874552,-0.6270237395842803,-0.8521002419644916,-0.2960595272765194,-0.7199914245942103,0.365890580789598,-0.5748442438270933,-1.152098153966028,-0.16456852008519512,0.5600151009252488,-0.38855260836771954,0.24826846438224606,-0.7275918051026949,-1.4234397112259098,-0.4233116594758165,-0.9471991160640469,-1.1593925865437125,-0.44607600359430954,-1.1841200090153732,-1.023628098032024,-1.0285561586460623,-0.4733044028163832,-0.08928055207779559,-0.6131128281111988,-0.6681381007292267,-0.1730602332200868,-1.0773560904533652,-0.48084805810605186,-0.47342013476127864,-0.608144210944832,-0.8510649379385259,-0.8147304181971841,-0.19396636900997621,-0.6472307625867205,0.6402429691938594,-0.5628622237945599,-0.8304587317833508,-0.11128457887449522,-0.2299945581651789,-0.3853947327317215,-0.12967964373366164,-0.3995138333765335,-0.8591927776668205,0.15236008974821566,2.0300614566735065,-0.2820786662454412,-0.3447411331309252,0.05223897483704575,-0.9200831658796037,-0.9454105842094955,0.03776293981436138,-1.1449297528740348,0.36095381643637126,-1.079262341892248,-0.8282540783916997,-0.523411831715706,-0.3348843235376674,0.39344888557979996,-0.28015903583072976,-0.740279054093502,-0.7647218807337463,-0.2952683920924289,-0.2653613755606705,-0.5295277326976383,-0.6826683639566068,-0.43533920856864367,-0.21419083728104696,0.9231308537218954,-0.4339518398143124,-0.2787731670588341,0.009800909578573432,-0.941308269212363,-0.7089967259188175,-0.6737389493759395,-0.8552175716719408,-0.6996767431672165,-0.24294322261765228,0.9050381173823349,-0.20777503354061203,-0.8469524846630206,1.026954807504033,-0.6640750136775595,-0.8068802470770656,-0.35395219674830086,-0.5726307832565255,-0.02770265182096932,-0.3258242710256813,-0.7970970261924366,0.1248775346654946,-0.3745128224747817,-0.6373519077061528,-0.7520327546310827,-0.9967771110606375,0.3933567126131883,-0.4577457010120362,-0.31899445293384987,-0.03816440514641859,-0.5112628088007772,-0.8431804940607727,-0.2957558504691081,1.8731030850054922,0.030094756465728095,-0.2673525058691585,-0.7145621710298282,-0.2537828061223915,0.010616419071489738,-0.5448275269511194,-0.39911246234103553,-0.42549025594797324,-0.24430276878728413,-0.24319571255896302,-0.26199980784671534,0.22259431610122077,-0.035413459452402804,0.44997233160336675,-0.14873340475401675,0.3570915520504427,0.22248718375848217,0.8249779572919547,-0.22380742826676514,1.761851629720967,-0.8130471604855496,-0.33494634256066624,-0.8158537765595125,-0.8195688469730463,-0.3808671180068499,-0.722044667608265,-0.6108245077143505,0.5898128697999192,-0.18728224816917577,-0.6723142776885461,-0.40804024747575857,-0.4997926202920668,-0.42723333300120314,-0.4772466123763796,-0.60620704822944,0.7600551362254045,0.15629332546392677,-0.40767354293245206,-0.35502100656280455,0.08449707519823722,0.7299131628376558,-0.28456366938990046,0.37289103729387674,-0.2572319662874049,-0.40553391829444335,-0.5468765918264531,1.215412125035498,-0.08950914213656871,-0.6859170740808401,0.36006690457086804,0.30408026889216,-0.41679891232262634,0.12229607680209467,-0.6908786053599458,-0.9702754599133179,-0.4308817140917475,-0.38979720353002,0.4857722263188805,-0.21466944642644056,-0.632640567739213,-0.39955106448779565,-0.37423422887323426
